{
  "accuracy": [
    0.5014285445213318,
    0.7257142663002014,
    0.7542856931686401
  ],
  "loss": [
    1.3287060260772705,
    0.9900109171867371,
    0.8450961112976074
  ],
  "precision": [
    0.9615384340286255,
    0.9750000238418579,
    0.9413681030273438
  ],
  "recall": [
    0.0714285746216774,
    0.2785714268684387,
    0.41285714507102966
  ],
  "val_accuracy": [
    0.20666666328907013,
    0.3733333349227905,
    0.3799999952316284
  ],
  "val_loss": [
    1.594275712966919,
    1.5712100267410278,
    1.570612907409668
  ],
  "val_precision": [
    0.0,
    0.0,
    0.0
  ],
  "val_recall": [
    0.0,
    0.0,
    0.0
  ],
  "learning_rate": [
    0.0010000000474974513,
    0.0010000000474974513,
    0.0010000000474974513
  ],
  "training_time_sec": 3.24,
  "model_summary": {
    "name": "ECG_Lightweight",
    "total_params": 15685,
    "trainable_params": 15461,
    "non_trainable_params": 224,
    "estimated_size_mb": 0.06,
    "input_shape": "(None, 2500, 1)",
    "output_shape": "(None, 5)",
    "num_layers": 17
  }
}